image,psf,noise_sigma,method,psnr,ssim,time_s,iters
camera,gaussian,0.01,blurred (no restoration),25.4204610296867,0.6994849903320368,,
camera,gaussian,0.01,"Wiener, K=1e-2",27.636700544663874,0.7365491814030458,0.018504365999945094,
camera,gaussian,0.01,"Wiener, oracle K",27.636700544663874,0.7365491814030458,,
camera,gaussian,0.01,Wiener + power-law prior,27.758605477405176,0.7324892488185951,0.11790873299997884,
camera,gaussian,0.01,"RL, 30 iter",27.664248626320624,0.7716347290255234,0.40796223099999906,
camera,gaussian,0.01,"RL, oracle iters",27.83558994904507,0.7431546120062015,,66.0
camera,gaussian,0.01,RL + discrepancy stop,27.433047484197456,0.7764015853849277,0.45992657299996154,19.0
camera,gaussian,0.01,RL + TV + discrepancy stop,28.0638464302484,0.7734032313875994,2.75562421799998,92.0
camera,gaussian,0.05,blurred (no restoration),22.848137303364965,0.3274996845330307,,
camera,gaussian,0.05,"Wiener, K=1e-2",22.084596093154005,0.3021830007607197,0.011259282000025905,
camera,gaussian,0.05,"Wiener, oracle K",24.416812356484286,0.45727480379577834,,
camera,gaussian,0.05,Wiener + power-law prior,25.810088702374014,0.6256300334599622,0.04098110099999985,
camera,gaussian,0.05,"RL, 30 iter",24.431373497770615,0.4321323584782628,0.3885573630000181,
camera,gaussian,0.05,"RL, oracle iters",25.86577921320543,0.6263231148592986,,7.0
camera,gaussian,0.05,RL + discrepancy stop,25.414874955947667,0.6806914881831186,0.07331213100002287,3.0
camera,gaussian,0.05,RL + TV + discrepancy stop,25.68171493937989,0.6849112577421645,0.13449711599997727,4.0
camera,gaussian,0.1,blurred (no restoration),19.247284524549556,0.1668385064451531,,
camera,gaussian,0.1,"Wiener, K=1e-2",17.31206030650017,0.15482079923650666,0.011888154000018858,
camera,gaussian,0.1,"Wiener, oracle K",21.670261930975453,0.4239266060021412,,
camera,gaussian,0.1,Wiener + power-law prior,24.66451008177917,0.576876365380965,0.039795880000042416,
camera,gaussian,0.1,"RL, 30 iter",20.42310136948919,0.24359079308101078,0.399513786,
camera,gaussian,0.1,"RL, oracle iters",24.646336272386367,0.5655986907102404,,3.0
camera,gaussian,0.1,RL + discrepancy stop,24.4980780104216,0.6045375948303413,0.05034453799999028,2.0
camera,gaussian,0.1,RL + TV + discrepancy stop,24.525208885614447,0.6153624607405142,0.05679428500002359,2.0
camera,motion,0.01,blurred (no restoration),23.055486257211438,0.6333073811437867,,
camera,motion,0.01,"Wiener, K=1e-2",25.554957315502573,0.5163189527134978,0.011437368000031256,
camera,motion,0.01,"Wiener, oracle K",25.554957315502573,0.5163189527134978,,
camera,motion,0.01,Wiener + power-law prior,27.452625608674673,0.7200988264085488,0.04070944900001905,
camera,motion,0.01,"RL, 30 iter",26.442136128191503,0.6386299816874821,0.387351026000033,
camera,motion,0.01,"RL, oracle iters",26.442136128191503,0.6386299816874821,,30.0
camera,motion,0.01,RL + discrepancy stop,25.77291190933289,0.7166978318133181,0.2947727619999796,12.0
camera,motion,0.01,RL + TV + discrepancy stop,26.807116804988013,0.7361292538324443,1.0224173679999922,35.0
camera,motion,0.05,blurred (no restoration),21.383516116352745,0.28032512031648893,,
camera,motion,0.05,"Wiener, K=1e-2",15.067491008908336,0.11426864806016247,0.01141268700001774,
camera,motion,0.05,"Wiener, oracle K",20.958333985433903,0.3617164868425425,,
camera,motion,0.05,Wiener + power-law prior,24.556480269539755,0.6155370293682041,0.04134736500003555,
camera,motion,0.05,"RL, 30 iter",18.334054838943363,0.18334495901050724,0.4057446190000178,
camera,motion,0.05,"RL, oracle iters",23.603936445374263,0.4994274355238561,,4.0
camera,motion,0.05,RL + discrepancy stop,23.38270276445467,0.5860928047106719,0.0673472210000341,2.0
camera,motion,0.05,RL + TV + discrepancy stop,23.440995119614314,0.6159788287422217,0.07653908999998293,2.0
camera,motion,0.1,blurred (no restoration),18.53924386168186,0.1346279644393696,,
camera,motion,0.1,"Wiener, K=1e-2",10.448620472556945,0.048695531452549005,0.010501419999968675,
camera,motion,0.1,"Wiener, oracle K",18.538526974458396,0.18622193894210132,,
camera,motion,0.1,Wiener + power-law prior,23.59429860370044,0.5823535852697419,0.051476341000011416,
camera,motion,0.1,"RL, 30 iter",13.98413465363696,0.08902771778266741,0.41470998700003747,
camera,motion,0.1,"RL, oracle iters",22.560880768444974,0.4182885170638313,,2.0
camera,motion,0.1,RL + discrepancy stop,22.419088222846778,0.5162470123654352,0.047676449999983106,1.0
camera,motion,0.1,RL + TV + discrepancy stop,22.419088222846778,0.5162470123654352,0.056289301999981944,1.0
camera,defocus,0.01,blurred (no restoration),23.597836580828545,0.6243669182565402,,
camera,defocus,0.01,"Wiener, K=1e-2",25.672856318540042,0.5340102071787926,0.01131032400002141,
camera,defocus,0.01,"Wiener, oracle K",25.672856318540042,0.5340102071787926,,
camera,defocus,0.01,Wiener + power-law prior,26.770802486509847,0.6584996652346993,0.03939633499999218,
camera,defocus,0.01,"RL, 30 iter",26.242217167372676,0.6848942341468569,0.38407953800003725,
camera,defocus,0.01,"RL, oracle iters",26.397274138869857,0.6408491314013505,,46.0
camera,defocus,0.01,RL + discrepancy stop,26.082949841187144,0.6979960356760039,0.5570911570000021,24.0
camera,defocus,0.01,RL + TV + discrepancy stop,27.136856275201744,0.7194677070268728,9.065994947999968,300.0
camera,defocus,0.05,blurred (no restoration),21.758223758429523,0.274796293912571,,
camera,defocus,0.05,"Wiener, K=1e-2",16.729755722976822,0.13028391685707275,0.01137758799995936,
camera,defocus,0.05,"Wiener, oracle K",21.754633342880595,0.5209862492268531,,
camera,defocus,0.05,Wiener + power-law prior,24.59693642982787,0.6078682299762034,0.04315548299996408,
camera,defocus,0.05,"RL, 30 iter",21.647585070996676,0.2738186533019033,0.3916085439999506,
camera,defocus,0.05,"RL, oracle iters",24.444816533739363,0.5751061592344129,,7.0
camera,defocus,0.05,RL + discrepancy stop,24.250552077146402,0.6306980674120323,0.1310830200000055,4.0
camera,defocus,0.05,RL + TV + discrepancy stop,24.428037285971392,0.6416277691120934,0.1764188600000125,5.0
camera,defocus,0.1,blurred (no restoration),18.702607385949978,0.13099219744948032,,
camera,defocus,0.1,"Wiener, K=1e-2",11.883673759829085,0.05668561295707231,0.01171243199996752,
camera,defocus,0.1,"Wiener, oracle K",20.74227328603477,0.32414771760768696,,
camera,defocus,0.1,Wiener + power-law prior,23.808795142873098,0.5815860878349309,0.042172119999975166,
camera,defocus,0.1,"RL, 30 iter",17.277711414833078,0.13601408386171188,0.38559071899999253,
camera,defocus,0.1,"RL, oracle iters",23.608852412437997,0.5552310251986212,,3.0
camera,defocus,0.1,RL + discrepancy stop,23.435688493809963,0.5942046845537005,0.06835234799996215,2.0
camera,defocus,0.1,RL + TV + discrepancy stop,23.69112546461217,0.5854806776628682,0.11029141099999151,3.0
moon,gaussian,0.01,blurred (no restoration),35.69612940972759,0.8536809236093305,,
moon,gaussian,0.01,"Wiener, K=1e-2",35.08456248857142,0.8166704377920675,0.011512885000001916,
moon,gaussian,0.01,"Wiener, oracle K",35.08456248857142,0.8166704377920675,,
moon,gaussian,0.01,Wiener + power-law prior,38.26850370881348,0.9270470218587725,0.04008585999997649,
moon,gaussian,0.01,"RL, 30 iter",37.29761880896664,0.8902162877862448,0.3917078849999598,
moon,gaussian,0.01,"RL, oracle iters",38.22273989333015,0.926633073661215,,9.0
moon,gaussian,0.01,RL + discrepancy stop,37.907659930334916,0.9290966930254491,0.08590331199997081,4.0
moon,gaussian,0.01,RL + TV + discrepancy stop,37.99707166592234,0.9260761185556657,0.16342797800001563,6.0
moon,gaussian,0.05,blurred (no restoration),25.736226348591558,0.29481671371195073,,
moon,gaussian,0.05,"Wiener, K=1e-2",23.00173967311379,0.21512012698092653,0.011261911000019609,
moon,gaussian,0.05,"Wiener, oracle K",27.29789419301689,0.4328786542936942,,
moon,gaussian,0.05,Wiener + power-law prior,35.49583060720174,0.8943803482719686,0.03814495999995415,
moon,gaussian,0.05,"RL, 30 iter",26.744747844199278,0.3868398752144976,0.3752792230000068,
moon,gaussian,0.05,"RL, oracle iters",35.29386538240661,0.8932810356719,,1.0
moon,gaussian,0.05,RL + discrepancy stop,35.29386538240661,0.8932810356719,0.03092771100000391,1.0
moon,gaussian,0.05,RL + TV + discrepancy stop,35.29386538240661,0.8932810356719,0.03563940599997295,1.0
moon,gaussian,0.1,blurred (no restoration),19.932602917556867,0.10250706675684534,,
moon,gaussian,0.1,"Wiener, K=1e-2",17.042903958021856,0.07000383114434969,0.010737998000024618,
moon,gaussian,0.1,"Wiener, oracle K",24.49864175458895,0.41547068753757105,,
moon,gaussian,0.1,Wiener + power-law prior,34.041048886531975,0.879708105645616,0.03871143900005336,
moon,gaussian,0.1,"RL, 30 iter",20.845445103363055,0.15150003754717475,0.41695256799999925,
moon,gaussian,0.1,"RL, oracle iters",33.44195522555102,0.8328654677679709,,1.0
moon,gaussian,0.1,RL + discrepancy stop,33.44195522555102,0.8328654677679709,0.030949056999986624,1.0
moon,gaussian,0.1,RL + TV + discrepancy stop,33.44195522555102,0.8328654677679709,0.04929478399998288,1.0
moon,motion,0.01,blurred (no restoration),33.52970861512413,0.8203103210148971,,
moon,motion,0.01,"Wiener, K=1e-2",27.956259633354293,0.4231801142183654,0.010644423000030656,
moon,motion,0.01,"Wiener, oracle K",31.312977529704654,0.6799223809355105,,
moon,motion,0.01,Wiener + power-law prior,36.697886521623516,0.9147672573547473,0.039137439000000995,
moon,motion,0.01,"RL, 30 iter",31.70703611190863,0.6410375078314019,0.3901399430000083,
moon,motion,0.01,"RL, oracle iters",35.52781650422388,0.8866930211082517,,5.0
moon,motion,0.01,RL + discrepancy stop,35.34816309002886,0.8981008737198595,0.07835831699998153,3.0
moon,motion,0.01,RL + TV + discrepancy stop,35.84782275734996,0.9059225784676751,0.12538260400003765,5.0
moon,motion,0.05,blurred (no restoration),25.482436280058785,0.27913504329636735,,
moon,motion,0.05,"Wiener, K=1e-2",14.433864917341218,0.03672299817651784,0.011332229999993615,
moon,motion,0.05,"Wiener, oracle K",23.96246717331445,0.32029381036131926,,
moon,motion,0.05,Wiener + power-law prior,34.55273232616634,0.8894660416540678,0.04305665900000122,
moon,motion,0.05,"RL, 30 iter",18.673740145136918,0.08611829644697906,0.388593042000025,
moon,motion,0.05,"RL, oracle iters",32.79659694751119,0.8139541682329149,,1.0
moon,motion,0.05,RL + discrepancy stop,32.79659694751119,0.8139541682329149,0.040846956999985196,1.0
moon,motion,0.05,RL + TV + discrepancy stop,32.79659694751119,0.8139541682329149,0.043579378000004,1.0
moon,motion,0.1,blurred (no restoration),19.84425772815559,0.09479006771262753,,
moon,motion,0.1,"Wiener, K=1e-2",9.96227686700453,0.012725389653627968,0.010953194000023814,
moon,motion,0.1,"Wiener, oracle K",19.707426672810442,0.11384101713745044,,
moon,motion,0.1,Wiener + power-law prior,33.48436415871274,0.8778558093425285,0.044828299000016614,
moon,motion,0.1,"RL, 30 iter",13.17137945082569,0.026897871559141508,0.40749465099997906,
moon,motion,0.1,"RL, oracle iters",30.34285616027434,0.6358603536112006,,1.0
moon,motion,0.1,RL + discrepancy stop,30.34285616027434,0.6358603536112006,0.03414752800000542,1.0
moon,motion,0.1,RL + TV + discrepancy stop,30.34285616027434,0.6358603536112006,0.05052797500002271,1.0
moon,defocus,0.01,blurred (no restoration),34.44500705317223,0.828557525768386,,
moon,defocus,0.01,"Wiener, K=1e-2",29.859592931019975,0.5274810898731283,0.010560702000020683,
moon,defocus,0.01,"Wiener, oracle K",33.16286215405925,0.8115244003716388,,
moon,defocus,0.01,Wiener + power-law prior,37.10117132899927,0.9133318530443127,0.03869342799998776,
moon,defocus,0.01,"RL, 30 iter",34.98365636979696,0.8118628770647572,0.38394887099997277,
moon,defocus,0.01,"RL, oracle iters",36.71236761784101,0.9055195533071182,,9.0
moon,defocus,0.01,RL + discrepancy stop,36.53244205738223,0.9111673306664515,0.1137453879999839,5.0
moon,defocus,0.01,RL + TV + discrepancy stop,36.525443705309605,0.9045772321834,0.1896257989999981,7.0
moon,defocus,0.05,blurred (no restoration),25.614992164184226,0.2834121731019081,,
moon,defocus,0.05,"Wiener, K=1e-2",16.430054332364133,0.05388049064731882,0.011635372000000643,
moon,defocus,0.05,"Wiener, oracle K",26.155312905656615,0.6111832808269738,,
moon,defocus,0.05,Wiener + power-law prior,35.02000571321164,0.8906840501815559,0.03937466999997241,
moon,defocus,0.05,"RL, 30 iter",23.45896569657608,0.21119995500620897,0.39581707899998264,
moon,defocus,0.05,"RL, oracle iters",34.7680672371054,0.873152112109529,,2.0
moon,defocus,0.05,RL + discrepancy stop,34.501754159423086,0.8903289903636211,0.03054183799997645,1.0
moon,defocus,0.05,RL + TV + discrepancy stop,34.501754159423086,0.8903289903636211,0.034789642000021104,1.0
moon,defocus,0.1,blurred (no restoration),19.889911727937214,0.09715634299764962,,
moon,defocus,0.1,"Wiener, K=1e-2",11.244006901161896,0.017197785686917183,0.010982691000037903,
moon,defocus,0.1,"Wiener, oracle K",23.735743902070006,0.31662172567816854,,
moon,defocus,0.1,Wiener + power-law prior,33.80300025251842,0.8772434343716133,0.038061502999994445,
moon,defocus,0.1,"RL, 30 iter",17.466256672908457,0.06835223912631128,0.3920361570000068,
moon,defocus,0.1,"RL, oracle iters",33.46782015056712,0.8570574975653138,,1.0
moon,defocus,0.1,RL + discrepancy stop,33.46782015056712,0.8570574975653138,0.03105492200000981,1.0
moon,defocus,0.1,RL + TV + discrepancy stop,33.46782015056712,0.8570574975653138,0.03539992600002506,1.0
astronaut,gaussian,0.01,blurred (no restoration),24.39261412290967,0.7738899217995212,,
astronaut,gaussian,0.01,"Wiener, K=1e-2",27.32643479782609,0.8246536031864434,0.010982951000016783,
astronaut,gaussian,0.01,"Wiener, oracle K",27.32643479782609,0.8246536031864434,,
astronaut,gaussian,0.01,Wiener + power-law prior,27.488344820082173,0.8022997809252082,0.038916141000015614,
astronaut,gaussian,0.01,"RL, 30 iter",27.22609577272072,0.8574149978316252,0.3912179330000072,
astronaut,gaussian,0.01,"RL, oracle iters",27.58613184236949,0.8251421716285828,,88.0
astronaut,gaussian,0.01,RL + discrepancy stop,27.205278192162364,0.8577633945437022,0.633852916999956,29.0
astronaut,gaussian,0.01,RL + TV + discrepancy stop,28.04696430336346,0.870273905836884,2.781485628999974,107.0
astronaut,gaussian,0.05,blurred (no restoration),22.326463269811597,0.4286861451208341,,
astronaut,gaussian,0.05,"Wiener, K=1e-2",22.162514160695252,0.4123877767663363,0.010760010000012699,
astronaut,gaussian,0.05,"Wiener, oracle K",24.290373811489992,0.5691239038687319,,
astronaut,gaussian,0.05,Wiener + power-law prior,25.303042606726684,0.69819129884416,0.03892592599999034,
astronaut,gaussian,0.05,"RL, 30 iter",24.253050630474778,0.5395751629124779,0.3915453550000052,
astronaut,gaussian,0.05,"RL, oracle iters",25.25612542979473,0.6691345972562984,,9.0
astronaut,gaussian,0.05,RL + discrepancy stop,25.029404837939175,0.7016755987171582,0.10901611000002731,5.0
astronaut,gaussian,0.05,RL + TV + discrepancy stop,25.220929397832236,0.7167161937017804,0.16516868700000487,6.0
astronaut,gaussian,0.1,blurred (no restoration),19.009414135253927,0.24965929398824577,,
astronaut,gaussian,0.1,"Wiener, K=1e-2",17.32480846755722,0.23468264742858558,0.012559307000003628,
astronaut,gaussian,0.1,"Wiener, oracle K",21.722227783907478,0.5303054762977983,,
astronaut,gaussian,0.1,Wiener + power-law prior,24.093663072555977,0.6400701162733574,0.040302340999971875,
astronaut,gaussian,0.1,"RL, 30 iter",20.360354440866896,0.3397990678363825,0.40485252799999216,
astronaut,gaussian,0.1,"RL, oracle iters",23.83865309312775,0.5848723022213779,,4.0
astronaut,gaussian,0.1,RL + discrepancy stop,23.767542125931428,0.6067074517873173,0.07012030099997446,3.0
astronaut,gaussian,0.1,RL + TV + discrepancy stop,23.81347109760615,0.6206024234057737,0.09119566700002224,3.0
astronaut,motion,0.01,blurred (no restoration),21.557242228679854,0.6555571795866352,,
astronaut,motion,0.01,"Wiener, K=1e-2",25.22992651243079,0.5692532526686983,0.011968489000025784,
astronaut,motion,0.01,"Wiener, oracle K",25.22992651243079,0.5692532526686983,,
astronaut,motion,0.01,Wiener + power-law prior,27.38195843735526,0.7381478384162801,0.04483673199996474,
astronaut,motion,0.01,"RL, 30 iter",26.003107240011015,0.7106081583128528,0.4650331569999935,
astronaut,motion,0.01,"RL, oracle iters",26.014373891011743,0.702177359639486,,33.0
astronaut,motion,0.01,RL + discrepancy stop,25.49217391897156,0.748944351152243,0.34662070500002073,16.0
astronaut,motion,0.01,RL + TV + discrepancy stop,26.598071485707226,0.8101421977903889,0.8176134419999812,31.0
astronaut,motion,0.05,blurred (no restoration),20.346037708598107,0.3473963505475744,,
astronaut,motion,0.05,"Wiener, K=1e-2",15.008669101029039,0.16773222862736448,0.010840861999952267,
astronaut,motion,0.05,"Wiener, oracle K",20.650236659973864,0.4318148307230338,,
astronaut,motion,0.05,Wiener + power-law prior,24.008356307773457,0.641909277136982,0.040040003000001434,
astronaut,motion,0.05,"RL, 30 iter",18.15157548801977,0.26024009394548037,0.41130200699996067,
astronaut,motion,0.05,"RL, oracle iters",22.645013869569905,0.5103789520254559,,5.0
astronaut,motion,0.05,RL + discrepancy stop,22.353964176262902,0.5553203116630553,0.0731393209999851,3.0
astronaut,motion,0.05,RL + TV + discrepancy stop,22.776000424339426,0.591428071834231,0.11914455799995949,4.0
astronaut,motion,0.1,blurred (no restoration),17.970825109207176,0.19772565874536713,,
astronaut,motion,0.1,"Wiener, K=1e-2",10.3913462750584,0.07323649348683327,0.01064800399996102,
astronaut,motion,0.1,"Wiener, oracle K",18.363176149096695,0.253949204202433,,
astronaut,motion,0.1,Wiener + power-law prior,22.80080622046647,0.6009839560922647,0.03904693099997303,
astronaut,motion,0.1,"RL, 30 iter",13.775993991588537,0.13059533321582445,0.3952822429999969,
astronaut,motion,0.1,"RL, oracle iters",21.194348792841126,0.3960058427975917,,3.0
astronaut,motion,0.1,RL + discrepancy stop,21.1616571828633,0.43807666001330825,0.05038636299997279,2.0
astronaut,motion,0.1,RL + TV + discrepancy stop,21.25361227286418,0.4611452735763401,0.06224742300003072,2.0
astronaut,defocus,0.01,blurred (no restoration),22.281599173091173,0.6788961216994374,,
astronaut,defocus,0.01,"Wiener, K=1e-2",25.393246689125792,0.6150380087167139,0.012243689000001723,
astronaut,defocus,0.01,"Wiener, oracle K",25.393246689125792,0.6150380087167139,,
astronaut,defocus,0.01,Wiener + power-law prior,26.55411353926703,0.692671824503189,0.03938544200002525,
astronaut,defocus,0.01,"RL, 30 iter",25.906350938834034,0.7674498123814218,0.3940199220000409,
astronaut,defocus,0.01,"RL, oracle iters",26.113825242934293,0.7337401954786955,,47.0
astronaut,defocus,0.01,RL + discrepancy stop,25.93264901625482,0.7657698890233267,0.6216881359999888,31.0
astronaut,defocus,0.01,RL + TV + discrepancy stop,26.828457511842675,0.8004931516491811,7.673637557999996,300.0
astronaut,defocus,0.05,blurred (no restoration),20.889958910822024,0.35960311105808707,,
astronaut,defocus,0.05,"Wiener, K=1e-2",16.729295113601765,0.20001813467259058,0.010999644000037279,
astronaut,defocus,0.05,"Wiener, oracle K",21.535474356226615,0.37261219202277257,,
astronaut,defocus,0.05,Wiener + power-law prior,23.977360466309324,0.6460909049945844,0.03882860300001312,
astronaut,defocus,0.05,"RL, 30 iter",21.33193264468425,0.3794409616692775,0.40388612200001717,
astronaut,defocus,0.05,"RL, oracle iters",23.67702772034072,0.5926759114902054,,9.0
astronaut,defocus,0.05,RL + discrepancy stop,23.628953394218332,0.6172449225518327,0.14658402800000658,7.0
astronaut,defocus,0.05,RL + TV + discrepancy stop,23.91094406337047,0.65675025378483,0.25624880399999483,9.0
astronaut,defocus,0.1,blurred (no restoration),18.278888240352387,0.20190651210699315,,
astronaut,defocus,0.1,"Wiener, K=1e-2",11.871479952894799,0.09417412149037845,0.010285810000027595,
astronaut,defocus,0.1,"Wiener, oracle K",20.59167036820495,0.4204304222315906,,
astronaut,defocus,0.1,Wiener + power-law prior,23.060237572666868,0.6140095268326046,0.038178206999987196,
astronaut,defocus,0.1,"RL, 30 iter",17.09750912594074,0.21159602262197771,0.3764939690000233,
astronaut,defocus,0.1,"RL, oracle iters",22.589264704408933,0.5164367580426289,,5.0
astronaut,defocus,0.1,RL + discrepancy stop,22.584395906801614,0.5415658614354575,0.08796886300001461,4.0
astronaut,defocus,0.1,RL + TV + discrepancy stop,22.687492368009124,0.5782389016998061,0.10366428800000449,4.0
coins,gaussian,0.01,blurred (no restoration),23.39116118233598,0.6380463776741846,,
coins,gaussian,0.01,"Wiener, K=1e-2",25.458694404420847,0.7161412205622524,0.00890448499995955,
coins,gaussian,0.01,"Wiener, oracle K",25.458694404420847,0.7161412205622524,,
coins,gaussian,0.01,Wiener + power-law prior,25.54205390381348,0.7089142526037879,0.022203801999978623,
coins,gaussian,0.01,"RL, 30 iter",25.310697728574905,0.7335797755486605,0.3454445550000287,
coins,gaussian,0.01,"RL, oracle iters",25.645696727238953,0.7071300088052693,,100.0
coins,gaussian,0.01,RL + discrepancy stop,25.17547322716281,0.7324611288677512,0.4241177689999631,23.0
coins,gaussian,0.01,RL + TV + discrepancy stop,26.54927739977819,0.7706117477386887,5.885520865999979,300.0
coins,gaussian,0.05,blurred (no restoration),21.557543970301207,0.35368389358757757,,
coins,gaussian,0.05,"Wiener, K=1e-2",21.239185767079146,0.36236104337476144,0.009307209999974475,
coins,gaussian,0.05,"Wiener, oracle K",23.16576403397722,0.48994218146128476,,
coins,gaussian,0.05,Wiener + power-law prior,23.859101368505012,0.5982472972199926,0.03312229799996658,
coins,gaussian,0.05,"RL, 30 iter",23.095561026430758,0.4740620066111326,0.35325961000000916,
coins,gaussian,0.05,"RL, oracle iters",23.91935395554263,0.5931496763969208,,9.0
coins,gaussian,0.05,RL + discrepancy stop,23.62695523315736,0.6260013307400277,0.09047818200002666,4.0
coins,gaussian,0.05,RL + TV + discrepancy stop,23.653188238734057,0.6329660921104081,0.08102944300003401,4.0
coins,gaussian,0.1,blurred (no restoration),18.477143453504194,0.20949973341086073,,
coins,gaussian,0.1,"Wiener, K=1e-2",16.848152190814133,0.21257699757537454,0.009650826000040524,
coins,gaussian,0.1,"Wiener, oracle K",21.45062000273779,0.44434368113251255,,
coins,gaussian,0.1,Wiener + power-law prior,22.89363530388617,0.5328227592275485,0.02273591400000896,
coins,gaussian,0.1,"RL, 30 iter",19.691835502642576,0.30342090900264673,0.3451244029999998,
coins,gaussian,0.1,"RL, oracle iters",22.930663262500417,0.521742345209276,,4.0
coins,gaussian,0.1,RL + discrepancy stop,22.71498314356005,0.5596209915550755,0.04184437499998239,2.0
coins,gaussian,0.1,RL + TV + discrepancy stop,22.725266384212247,0.5630265949492641,0.042503179999982876,2.0
coins,motion,0.01,blurred (no restoration),21.671016966282394,0.561174609084524,,
coins,motion,0.01,"Wiener, K=1e-2",24.718293923586693,0.5588733086779326,0.009170928000003187,
coins,motion,0.01,"Wiener, oracle K",24.718293923586693,0.5588733086779326,,
coins,motion,0.01,Wiener + power-law prior,26.076099120411445,0.6855354624747902,0.023349049000046307,
coins,motion,0.01,"RL, 30 iter",25.37369586649981,0.6486630814374919,0.34429578300000685,
coins,motion,0.01,"RL, oracle iters",25.461516735776435,0.6279012219756179,,40.0
coins,motion,0.01,RL + discrepancy stop,24.47457605889181,0.6737120663760393,0.22911173699998244,13.0
coins,motion,0.01,RL + TV + discrepancy stop,25.64122676720148,0.7257467431405062,0.5773261340000317,31.0
coins,motion,0.05,blurred (no restoration),20.37225607636515,0.30409119133357865,,
coins,motion,0.05,"Wiener, K=1e-2",14.662664377805628,0.17113780496787778,0.00960275699998192,
coins,motion,0.05,"Wiener, oracle K",20.889283464478133,0.39128763778239667,,
coins,motion,0.05,Wiener + power-law prior,23.185264703273457,0.5487897361245468,0.02168097700001681,
coins,motion,0.05,"RL, 30 iter",17.751320897227217,0.24343723305790216,0.3450810790000105,
coins,motion,0.05,"RL, oracle iters",22.37711740914117,0.49428109257709274,,4.0
coins,motion,0.05,RL + discrepancy stop,22.28390134430792,0.5183210755929417,0.057858035000037944,3.0
coins,motion,0.05,RL + TV + discrepancy stop,22.362550064230334,0.5398540042818303,0.06150516200000311,3.0
coins,motion,0.1,blurred (no restoration),17.842498838853725,0.1745038970058085,,
coins,motion,0.1,"Wiener, K=1e-2",10.275370049856733,0.07945061882428897,0.00897962499999494,
coins,motion,0.1,"Wiener, oracle K",18.417750238578904,0.2368771659672618,,
coins,motion,0.1,Wiener + power-law prior,22.27244911990107,0.5060948695160101,0.02297714899998482,
coins,motion,0.1,"RL, 30 iter",13.125493172534552,0.12575381548368517,0.3444102409999914,
coins,motion,0.1,"RL, oracle iters",21.390905268515127,0.419717380766294,,2.0
coins,motion,0.1,RL + discrepancy stop,21.390905268515127,0.419717380766294,0.04091736099996979,2.0
coins,motion,0.1,RL + TV + discrepancy stop,21.468447623161474,0.4318285992496722,0.04223448999999846,2.0
coins,defocus,0.01,blurred (no restoration),21.744341462947943,0.5326927690514744,,
coins,defocus,0.01,"Wiener, K=1e-2",24.129693672605647,0.5443942606483961,0.008947767999984535,
coins,defocus,0.01,"Wiener, oracle K",24.129693672605647,0.5443942606483961,,
coins,defocus,0.01,Wiener + power-law prior,24.822545845752103,0.6311600463016539,0.024957276999998612,
coins,defocus,0.01,"RL, 30 iter",24.331293419412955,0.6343280284786266,0.3999362839999776,
coins,defocus,0.01,"RL, oracle iters",24.705112029994613,0.5977288297815396,,62.0
coins,defocus,0.01,RL + discrepancy stop,24.302724491465256,0.6348003657508677,0.5289884219999976,29.0
coins,defocus,0.01,RL + TV + discrepancy stop,25.965262050372402,0.7311116219791328,5.699964529999988,300.0
coins,defocus,0.05,blurred (no restoration),20.41439948557571,0.2817449969021375,,
coins,defocus,0.05,"Wiener, K=1e-2",16.248390221008314,0.18416461738898005,0.009387766000031661,
coins,defocus,0.05,"Wiener, oracle K",21.370902204066425,0.4868822184168527,,
coins,defocus,0.05,Wiener + power-law prior,22.813818601981254,0.5434289833691728,0.04556961999998066,
coins,defocus,0.05,"RL, 30 iter",20.769453564272048,0.32489152130522675,0.3746333630000436,
coins,defocus,0.05,"RL, oracle iters",22.70864096621867,0.5085715433858594,,9.0
coins,defocus,0.05,RL + discrepancy stop,22.556177395915466,0.5489892458585715,0.0910227410000175,5.0
coins,defocus,0.05,RL + TV + discrepancy stop,22.73225210046817,0.5687608755809919,0.12305131699997673,6.0
coins,defocus,0.1,blurred (no restoration),17.854259471868843,0.15968666776315898,,
coins,defocus,0.1,"Wiener, K=1e-2",11.595957221636297,0.0893335511983211,0.00900456499999791,
coins,defocus,0.1,"Wiener, oracle K",20.400763107124508,0.33822180688838427,,
coins,defocus,0.1,Wiener + power-law prior,22.136302312187752,0.5052200435799434,0.03226958700003024,
coins,defocus,0.1,"RL, 30 iter",16.5468487035108,0.1816337656231657,0.34681797799999003,
coins,defocus,0.1,"RL, oracle iters",22.00863727456866,0.47761702075510226,,4.0
coins,defocus,0.1,RL + discrepancy stop,21.954156860397816,0.5000684064833417,0.05693824700000505,3.0
coins,defocus,0.1,RL + TV + discrepancy stop,22.00087581366708,0.5149300915406883,0.06288284900000463,3.0
